chemical,cas,stratum,india_status,eu_status,divergence_score,divergence_norm,verification,rationale,source
4-Methylbenzylidene Camphor,36861-47-9,S1,Permitted (restricted),Prohibited,1.0,1.0,VERIFIED,THESIS CASE. The EU moved it out of the permitted UV-filter list into the prohibited list. Off-market 1 May 2026 - already in force. India still permits 4%.,"IN: IS 4707 Part 4:2022 Table 1 entry (xvi), max 4% | EU: Reg (EC) 1223/2009 Annex II entry 1730; deleted from Annex VI entry 18"
BHT,128-37-0,S1,Not addressed by IS 4707,Permitted (restricted),0.8,0.7143,VERIFIED,EU sets three product-specific caps; India has none. Below 1.0 because the EU restricts rather than prohibits.,"IN: Absent from Parts 1-4 (0 hits by CAS and three name variants) | EU: Reg (EC) 1223/2009 Annex III entry 325: 0.001% mouthwash, 0.1% toothpaste, 0.8% other"
Benzophenone,119-61-9,S1,Not addressed by IS 4707,Prohibited,1.0,1.0,VERIFIED,"EU prohibits as CMR; India has no provision. Not a preservative or UV filter, so the positive-list rule does not apply - Part 2 Annex A/B is the operative list and absence means unrestricted.","IN: Absent from Part 2 Annex A+B, Part 3 and Part 4 (0 hits, CAS and name) | EU: Reg (EC) 1223/2009 Annex II entry 1703"
Benzophenone-3 (Oxybenzone),131-57-7,S1,Permitted (restricted),Permitted (restricted),0.3,0.0,VERIFIED,"The EU limit is TIERED, India's is flat. India matches the EU only for face products; for body sunscreen India permits 2.7x the EU limit, on the higher-surface-area exposure route. Score raised from 0.25; consider whether 0.4-0.5 is better justified.","IN: IS 4707 Part 4:2022 Table 1 entry (iii), max 6% all products | EU: Reg (EC) 1223/2009 Annex VI entry 4: 6% face/hand/lip non-spray, 2.2% body incl. spray, 0.5% other"
Bisphenol S,80-09-1,S1,Not addressed by IS 4707,Prohibited,1.0,1.0,VERIFIED,"Same structure as the benzophenone case: EU prohibits as CMR, India has no provision. Carries the regrettable-substitution narrative - the EU bans BPA and its replacement, India regulates neither.",IN: Absent from Parts 1-4 (0 hits by CAS and by four name variants) | EU: Reg (EC) 1223/2009 Annex II entry 1702
Homosalate,118-56-9,S1,Permitted (restricted),Permitted (restricted),0.6,0.4286,VERIFIED,"EU cut the concentration AND banned body use outright (in force 1 Jan / 1 Jul 2025). India permits 10% everywhere. Divergence on both concentration and scope - larger than a concentration-only case, smaller than an outright ban. Confirm the 0.6.","IN: IS 4707 Part 4:2022 Table 1 entry (ii), 10%, all product types | EU: Reg (EC) 1223/2009 Annex VI entry 3, 7.34%, FACE PRODUCTS ONLY, propellant sprays excluded"
Kojic acid,501-30-4,S1,Not addressed by IS 4707,Permitted (restricted),0.8,0.7143,VERIFIED,EU caps it at 1%; India has no rule. Below 1.0 because the EU restricts rather than prohibits. Skin-lightening agent - the highest India policy relevance of any compound in the screen.,"IN: Absent from Parts 1-4 (0 hits by CAS and name) | EU: Reg (EC) 1223/2009 Annex III entry 375, 1%, face and hand products"
Lilial,80-54-6,S1,Permitted - NO CONCENTRATION LIMIT,Prohibited,1.0,1.0,VERIFIED,"Largest gap in the screened set. The EU prohibits it as a reproductive toxicant (CMR 1B); India imposes no concentration cap at all, only a disclosure duty. Stronger than 4-MBC, which India at least caps at 4%.","IN: IS 4707 Part 2:2025 Annex B entry 80 - labelling duty above 0.001% only, no maximum concentration | EU: Reg (EC) 1223/2009 Annex II entry 1666"
Methyl salicylate,119-36-8,S1,Not addressed by IS 4707,Permitted (restricted),0.8,0.7143,VERIFIED,The EU sets fourteen product-specific limits; India sets none. Below 1.0 because the EU restricts rather than prohibits.,"IN: Absent from Parts 1-4 (0 hits by CAS and name) | EU: Reg (EC) 1223/2009 Annex III entry 324, fourteen product-specific limits from 0.002% to 2.52%"
Triphenyl phosphate,115-86-6,S1,Not addressed by IS 4707,Prohibited (from 1 Jan 2027),0.9,0.8571,VERIFIED,"Discounted from 1.0 because the EU restriction is not yet in force. Highest Annex II entry in the consolidated text is 1751, consistent with 1752 being a later amendment.","IN: Absent from Part 2 Annex A+B, Part 3 and Part 4 (0 hits) | EU: Reg (EU) 2026/909 Annex II entry 1752 - post-dates the 1 Sept 2025 consolidation, cite the amending act directly"
"1,2-Dihydroxy-9,10-anthracenedione",72-48-0,S2,PROHIBITED,PROHIBITED,0.1,n/a (RPI is Stratum 1 only),,Both jurisdictions prohibit. Divergence tier 0.1 = convergence (log B13).,IN: Annex A entry 1334 (only when used as a substance in hair dye products) | EU: Annex II entry 1361 (only when used as a substance in hair dye products)
3-Benzylidene camphor,15087-24-8,S2,PROHIBITED,PROHIBITED,0.1,n/a (RPI is Stratum 1 only),,Both jurisdictions prohibit. Divergence tier 0.1 = convergence (log B13).,IN: Annex A entry 1353 | EU: Annex II entry 1379
4-Nonylphenol,104-40-5,S2,PROHIBITED,PROHIBITED,0.1,n/a (RPI is Stratum 1 only),,Both jurisdictions prohibit. Divergence tier 0.1 = convergence (log B13).,"IN: Annex A entry 1145 'Nonylphenol (25154-52-3); 4-Nonylphenol, branched (84852-15-3)' | EU: Annex II entry 1168 'Nonylphenol [25154-52-3]; 4-Nonylphenol, branched [84852-15-3]'"
4-tert-Butylphenol,98-54-4,S2,PROHIBITED,PROHIBITED,0.1,n/a (RPI is Stratum 1 only),,Both jurisdictions prohibit. Divergence tier 0.1 = convergence (log B13).,IN: Annex A entry 338 | EU: Annex II entry 340
Bisphenol A,80-05-7,S2,PROHIBITED,PROHIBITED,0.1,n/a (RPI is Stratum 1 only),,Both jurisdictions prohibit. Divergence tier 0.1 = convergence (log B13).,IN: Annex A entry 1151 | EU: Annex II entry 1176
Butyl benzyl phthalate,85-68-7,S2,PROHIBITED,PROHIBITED,0.1,n/a (RPI is Stratum 1 only),,Both jurisdictions prohibit. Divergence tier 0.1 = convergence (log B13).,IN: Annex A entry 1129 | EU: Annex II entry 1152
Dibutyl phthalate,84-74-2,S2,PROHIBITED,PROHIBITED,0.1,n/a (RPI is Stratum 1 only),,Both jurisdictions prohibit. Divergence tier 0.1 = convergence (log B13).,IN: Annex A entry 663 | EU: Annex II entry 675
Diisobutyl phthalate,84-69-5,S2,PROHIBITED,PROHIBITED,0.1,n/a (RPI is Stratum 1 only),,Both jurisdictions prohibit. Divergence tier 0.1 = convergence (log B13).,IN: Annex A entry 1496 | EU: Annex II entry 1492
Isobutylparaben,4247-02-3,S2,PROHIBITED,PROHIBITED,0.1,n/a (RPI is Stratum 1 only),,Both jurisdictions prohibit. Divergence tier 0.1 = convergence (log B13).,IN: Annex A entry 1348 | EU: Annex II entry 1375
Isopropylparaben,4191-73-5,S2,PROHIBITED,PROHIBITED,0.1,n/a (RPI is Stratum 1 only),,Both jurisdictions prohibit. Divergence tier 0.1 = convergence (log B13).,IN: Annex A entry 1347 | EU: Annex II entry 1374
Tris(2-chloroethyl) phosphate,115-96-8,S2,PROHIBITED,PROHIBITED,0.1,n/a (RPI is Stratum 1 only),,Both jurisdictions prohibit. Divergence tier 0.1 = convergence (log B13).,IN: Annex A entry 986 | EU: Annex II entry 1004
p-tert-Butyl catechol,98-29-3,S2,PROHIBITED,PROHIBITED,0.1,n/a (RPI is Stratum 1 only),,Both jurisdictions prohibit. Divergence tier 0.1 = convergence (log B13).,IN: Annex A entry 339 | EU: Annex II entry 341
