chemical,cas,stratum,heavy_atoms,breadth,score_ERalpha,threshold_ERalpha,engages_ERalpha,score_ERbeta,threshold_ERbeta,engages_ERbeta,score_AR,threshold_AR,engages_AR,score_TRbeta,threshold_TRbeta,engages_TRbeta
4-Methylbenzylidene Camphor,36861-47-9,S1,19.0,4,-9.389,-8.020,yes,-9.301,-8.063,yes,-9.635,-8.619,yes,-8.783,-8.176,yes
BHT,128-37-0,S1,16.0,0,-6.944,-8.020,no,-6.878,-8.063,no,-6.285,-8.619,no,-7.919,-8.176,no
Benzophenone,119-61-9,S1,14.0,0,-7.684,-8.020,no,-7.454,-8.063,no,-7.46,-8.619,no,-7.946,-8.176,no
Benzophenone-3 (Oxybenzone),131-57-7,S1,17.0,0,-7.201,-8.020,no,-7.348,-8.063,no,-8.085,-8.619,no,-7.978,-8.176,no
Bisphenol S,80-09-1,S1,17.0,1,-8.08,-8.020,yes,-8.037,-8.063,no,-7.914,-8.619,no,-8.14,-8.176,no
Homosalate,118-56-9,S1,19.0,3,-8.092,-8.020,yes,-8.275,-8.063,yes,-8.509,-8.619,no,-8.535,-8.176,yes
Kojic acid,501-30-4,S1,10.0,0,-4.948,-8.020,no,-4.892,-8.063,no,-5.474,-8.619,no,-5.797,-8.176,no
Lilial,80-54-6,S1,15.0,0,-6.581,-8.020,no,-6.847,-8.063,no,-7.208,-8.619,no,-7.483,-8.176,no
Methyl salicylate,119-36-8,S1,11.0,0,-5.752,-8.020,no,-5.801,-8.063,no,-5.723,-8.619,no,-5.622,-8.176,no
Triphenyl phosphate,115-86-6,S1,23.0,3,-8.321,-8.020,yes,-8.266,-8.063,yes,-7.978,-8.619,no,-8.436,-8.176,yes
"1,2-Dihydroxy-9,10-anthracenedione",72-48-0,S2,18.0,4,-9.041,-8.020,yes,-8.997,-8.063,yes,-9.432,-8.619,yes,-8.933,-8.176,yes
3-Benzylidene camphor,15087-24-8,S2,18.0,4,-9.483,-8.020,yes,-9.906,-8.063,yes,-9.074,-8.619,yes,-9.563,-8.176,yes
4-Nonylphenol,104-40-5,S2,16.0,0,-7.199,-8.020,no,-7.088,-8.063,no,-6.585,-8.619,no,-6.785,-8.176,no
4-tert-Butylphenol,98-54-4,S2,11.0,0,-6.457,-8.020,no,-6.486,-8.063,no,-6.873,-8.619,no,-6.445,-8.176,no
Bisphenol A,80-05-7,S2,17.0,3,-8.595,-8.020,yes,-8.436,-8.063,yes,-8.483,-8.619,no,-8.473,-8.176,yes
Butyl benzyl phthalate,85-68-7,S2,23.0,1,-7.82,-8.020,no,-7.851,-8.063,no,-7.43,-8.619,no,-8.779,-8.176,yes
Dibutyl phthalate,84-74-2,S2,20.0,0,-6.891,-8.020,no,-7.142,-8.063,no,-6.946,-8.619,no,-7.121,-8.176,no
Diisobutyl phthalate,84-69-5,S2,20.0,0,-7.27,-8.020,no,-7.363,-8.063,no,-7.256,-8.619,no,-7.389,-8.176,no
Isobutylparaben,4247-02-3,S2,14.0,0,-6.858,-8.020,no,-6.677,-8.063,no,-6.898,-8.619,no,-6.849,-8.176,no
Isopropylparaben,4191-73-5,S2,13.0,0,-6.559,-8.020,no,-6.525,-8.063,no,-6.803,-8.619,no,-6.462,-8.176,no
Tris(2-chloroethyl) phosphate,115-96-8,S2,14.0,0,-4.714,-8.020,no,-4.742,-8.063,no,-5.068,-8.619,no,-4.999,-8.176,no
p-tert-Butyl catechol,98-29-3,S2,12.0,0,-6.565,-8.020,no,-6.574,-8.063,no,-7.109,-8.619,no,-6.528,-8.176,no
