chemical,cas,stratum,exposure_score,exposure_tier,exposure_norm,rationale,source
4-Methylbenzylidene Camphor,36861-47-9,S1,0.4,5,0.4,"No India product/market data located; EU-banned and not US-approved, so continued Indian legality is a conservative plausible-use proxy, not measured prevalence.",Global regulatory-status data; no India market study located
BHT,128-37-0,S1,0.40,4,0.4,"A synthetic phenolic antioxidant used very widely in food and personal-care formulations worldwide and reviewed as such in the international literature. Permitted without limit in India (absent from IS 4707 Parts 1-4). Scored on the same global-proxy basis as triphenyl phosphate and benzyl butyl phthalate, both 0.45, but one step lower because BHT is typically used at very low concentrations and is often not separately declared.",Synthetic phenolic antioxidant review literature [global]; no India cosmetic survey located
Benzophenone,119-61-9,S1,0.3,5,0.0,Parent benzophenone (distinct from benzophenone-3/oxybenzone) is more often an impurity or packaging/fragrance contaminant than a deliberately added cosmetic ingredient; no India cosmetic-use survey found.,No India-specific source located; EU CMR (Omnibus VI) rationale only
Benzophenone-3 (Oxybenzone),131-57-7,S1,0.55,2,1.0,"Multiple India-based suppliers (BRM Chemicals; Sihauli Chemicals; Activeman) actively market benzophenone-3 for the Indian sunscreen and cosmetics industry; commercial availability confirmed, no quantitative product survey located.",India-based benzophenone-3 supplier listings (BRM Chemicals; Sihauli Chemicals; Activeman)
Bisphenol S,80-09-1,S1,0.50,2,0.8,"Bisphenol S was included in the analyte panel of the 114-sample Indian personal-care-product survey that measured bisphenol A - the authors purchased and quantified BPS standards alongside BPA, BPF, BPAF and four other bisphenols. This establishes that BPS is looked for as a cosmetic-relevant analyte in the Indian market. The per-compound detection frequency could not be obtained (full text not accessible), so no direct-measurement claim is made and the score is held at the category-proxy level rather than the 0.65-0.70 band BPA occupies. Note also that BPS reaches consumers substantially via thermal paper and packaging rather than as an added cosmetic ingredient, so its exposure pathway differs from the UV filters and preservatives in this set.","Jala et al., Chemosphere 297:134028 (2022), DOI 10.1016/j.chemosphere.2022.134028 - BPS in analyte panel; per-compound detection frequency not obtained"
Homosalate,118-56-9,S1,0.40,5,0.4,"Permitted as a UV filter at 10% in all product types (IS 4707 Part 4:2022 Table 1 entry ii), so commercial sunscreen use is legal and plausible. Scored level with 4-MBC, which rests on the same regulatory-legality basis. Our own survey of 34 Indian sunscreen listings returned no declared homosalate, but most listings did not publish a full INCI, so this is an absence of data rather than evidence of absence.","Regulatory status, IS 4707 Part 4:2022; no India market study located"
Kojic acid,501-30-4,S1,0.55,2,1.0,"Permitted without any concentration limit in India (absent from IS 4707 Parts 1-4), and skin-lightening products are a large and well-documented segment of the Indian personal-care market. Scored above the 4-MBC baseline because the product category is established in India, but no compound-level Indian product survey or biomonitoring study was located.","India retail availability, author-verified; SPECIFIC LISTINGS STILL TO BE NAMED"
Lilial,80-54-6,S1,0.35,4,0.2,"Fragrance ingredient. India requires disclosure above 0.001% but sets no maximum concentration (IS 4707 Part 2:2025 Annex B entry 80), so it may legally appear at any level across fragranced products. Breadth of potential exposure is therefore high, but no Indian fragrance-ingredient survey was located and no compound-level data exists, so scored on the same category-level basis as the isomer-specific parabens (0.35).",No India fragrance-ingredient survey located; regulatory status IS 4707 Part 2:2025 Annex B entry 80
Methyl salicylate,119-36-8,S1,0.45,4,0.6,"Permitted without limit in India (absent from IS 4707 Parts 1-4) and a standard ingredient in topical analgesic balms and oral-care products, both established Indian product categories. Scored level with kojic acid on the same category-level basis. No quantitative Indian product survey located.",No India market study located; category-level inference from the Indian OTC topical-analgesic market
Triphenyl phosphate,115-86-6,S1,0.45,3,0.6,Measured in nail polish up to 1.68% by weight in a US-market study (8 of 10 polishes); India's large nail-polish market makes similar use plausible but no Indian survey found.,"Mendelsohn et al., Environment International 86:45-51 (2016), DOI 10.1016/j.envint.2015.10.005 [US data]"
"1,2-Dihydroxy-9,10-anthracenedione",72-48-0,S2,NOT SCORED,,n/a (RPI is Stratum 1 only),Stratum 2 exposure was not scored; the RPI covers Stratum 1 only.,
3-Benzylidene camphor,15087-24-8,S2,NOT SCORED,,n/a (RPI is Stratum 1 only),Stratum 2 exposure was not scored; the RPI covers Stratum 1 only.,
4-Nonylphenol,104-40-5,S2,NOT SCORED,,n/a (RPI is Stratum 1 only),Stratum 2 exposure was not scored; the RPI covers Stratum 1 only.,
4-tert-Butylphenol,98-54-4,S2,NOT SCORED,,n/a (RPI is Stratum 1 only),Stratum 2 exposure was not scored; the RPI covers Stratum 1 only.,
Bisphenol A,80-05-7,S2,NOT SCORED,,n/a (RPI is Stratum 1 only),Stratum 2 exposure was not scored; the RPI covers Stratum 1 only.,
Butyl benzyl phthalate,85-68-7,S2,NOT SCORED,,n/a (RPI is Stratum 1 only),Stratum 2 exposure was not scored; the RPI covers Stratum 1 only.,
Dibutyl phthalate,84-74-2,S2,NOT SCORED,,n/a (RPI is Stratum 1 only),Stratum 2 exposure was not scored; the RPI covers Stratum 1 only.,
Diisobutyl phthalate,84-69-5,S2,NOT SCORED,,n/a (RPI is Stratum 1 only),Stratum 2 exposure was not scored; the RPI covers Stratum 1 only.,
Isobutylparaben,4247-02-3,S2,NOT SCORED,,n/a (RPI is Stratum 1 only),Stratum 2 exposure was not scored; the RPI covers Stratum 1 only.,
Isopropylparaben,4191-73-5,S2,NOT SCORED,,n/a (RPI is Stratum 1 only),Stratum 2 exposure was not scored; the RPI covers Stratum 1 only.,
Tris(2-chloroethyl) phosphate,115-96-8,S2,NOT SCORED,,n/a (RPI is Stratum 1 only),Stratum 2 exposure was not scored; the RPI covers Stratum 1 only.,
p-tert-Butyl catechol,98-29-3,S2,NOT SCORED,,n/a (RPI is Stratum 1 only),Stratum 2 exposure was not scored; the RPI covers Stratum 1 only.,
